{"sinus": {"mean": 0.20758385799936913, "std": 0.30264458143251943}, "bradycardia": {"mean": 0.025048598712994197, "std": 0.10890790096352428}, "tachycardia": {"mean": 0.018097499349209737, "std": 0.06051519325820511}, "brady_episode": {"mean": 0.015976102302782326, "std": 0.01711059264885563}, "increased_hrv": {"mean": 0.05774704773249439, "std": 0.1135394706233318}}